Number,Tool,Category,Subcategory,Description,Query,GPT-4's response
1,FFmpeg,Video Processing,Format Conversion,Convert MP4 to AVI,How do I convert an MP4 file to AVI using FFmpeg?,"ffmpeg -i input.mp4 output.avi

FFmpeg automatically handles format conversion while preserving quality."
2,FFmpeg,Video Processing,Format Conversion,Transcode H.264 to H.265,Can FFmpeg transcode an H.264 file to H.265?,"ffmpeg -i input.mp4 -c:v libx265 -crf 28 -preset medium output.mp4

Adjust -crf (constant rate factor) for quality; lower values mean higher quality."
3,FFmpeg,Video Processing,Format Conversion,Convert WebM to MP4 without quality loss,How do I convert WebM to MP4 without losing quality?,"ffmpeg -i input.webm -c:v copy -c:a copy output.mp4

The -c:v copy and -c:a copy options avoid re-encoding."
4,FFmpeg,Video Processing,Format Conversion,Change container format from MKV to MP4 without re-encoding,Can I change the container format from MKV to MP4 without re-encoding the streams?,"ffmpeg -i input.mkv -c copy output.mp4

The -c copy option transfers streams directly without re-encoding."
5,FFmpeg,Video Processing,Format Conversion,Convert video to HEVC (H.265),How do I convert a video to an HEVC (H.265) format in FFmpeg?,"ffmpeg -i input.mp4 -c:v libx265 -preset medium -crf 28 output.mp4

Choose -preset for encoding speed and -crf for quality control."
6,FFmpeg,Video Processing,Video Manipulation,Resize video,How do I resize a video using FFmpeg?,"ffmpeg -i input.mp4 -vf scale=1280:720 output.mp4

Replace 1280:720 with the desired resolution."
7,FFmpeg,Video Processing,Video Manipulation,Crop video,Can I crop a video with FFmpeg?,"ffmpeg -i input.mp4 -vf crop=width:height:x:y output.mp4

Example: crop=640:360:0:0 crops a 640x360 area starting at (0,0)."
8,FFmpeg,Video Processing,Video Manipulation,"Rotate video (e.g., 90 degrees)",How can I rotate a video by 90 degrees in FFmpeg?,"ffmpeg -i input.mp4 -vf ""transpose=1"" output.mp4

Use transpose=1 (90° clockwise) or transpose=2 (90° counterclockwise)."
9,FFmpeg,Video Processing,Video Manipulation,Change video frame rate,How do I change the frame rate of a video in FFmpeg?,"ffmpeg -i input.mp4 -r 30 output.mp4

Replace 30 with the desired frame rate."
10,FFmpeg,Video Processing,Video Manipulation,Adjust video aspect ratio,How do I adjust the aspect ratio of a video in FFmpeg?,"ffmpeg -i input.mp4 -aspect 16:9 output.mp4

This changes the aspect ratio flag without altering pixel dimensions."
11,FFmpeg,Video Processing,Video Manipulation,Add letterboxing to video,How can I add letterboxing to a video with FFmpeg?,"ffmpeg -i input.mp4 -vf ""scale=1280:720:force_original_aspect_ratio=decrease,pad=1280:720:(ow-iw)/2:(oh-ih)/2"" output.mp4"
12,FFmpeg,Video Processing,Video Manipulation,Apply deinterlacing,How do I apply deinterlacing to a video using FFmpeg?,ffmpeg -i input.mp4 -vf yadif output.mp4
13,FFmpeg,Video Processing,Video Manipulation,Stabilize shaky video footage,Can FFmpeg stabilize shaky video footage?,"Install ffmpeg with vidstab support and use:

ffmpeg -i input.mp4 -vf vidstabdetect=shakiness=10:accuracy=15 transform_vectors.trf
ffmpeg -i input.mp4 -vf vidstabtransform=smoothing=30:input=transform_vectors.trf output.mp4"
14,FFmpeg,Video Processing,Video Manipulation,Flip video horizontally,How do I flip a video horizontally using FFmpeg?,ffmpeg -i input.mp4 -vf hflip output.mp4
15,FFmpeg,Video Processing,Video Quality & Compression,Adjust bitrate for video encoding,How can I adjust the bitrate for video encoding in FFmpeg?,"ffmpeg -i input.mp4 -b:v 1M output.mp4

Replace 1M with the desired bitrate."
16,FFmpeg,Video Processing,Video Quality & Compression,Control video quality options,What are the options for controlling video quality in FFmpeg?,"Use CRF for quality control:

ffmpeg -i input.mp4 -c:v libx264 -crf 23 output.mp4"
17,FFmpeg,Video Processing,Video Quality & Compression,Apply compression presets for faster encoding,How do I apply compression presets for faster encoding with FFmpeg?,ffmpeg -i input.mp4 -preset faster output.mp4
18,FFmpeg,Video Processing,Video Quality & Compression,Enable two-pass encoding for better quality,How do I enable two-pass encoding in FFmpeg for better quality?,"Pass 1:

ffmpeg -y -i input.mp4 -c:v libx264 -b:v 1M -pass 1 -an -f mp4 /dev/null

Pass 2:

ffmpeg -i input.mp4 -c:v libx264 -b:v 1M -pass 2 output.mp4"
19,FFmpeg,Video Processing,Video Quality & Compression,Use hardware acceleration for encoding,Can I use hardware acceleration for encoding with FFmpeg?,"Example for NVIDIA GPUs:

ffmpeg -i input.mp4 -c:v h264_nvenc output.mp4"
20,FFmpeg,Video Processing,Video Effects & Filters,Add watermark to video,How do I add a watermark to a video using FFmpeg?,"ffmpeg -i input.mp4 -i watermark.png -filter_complex ""overlay=10:10"" output.mp4"
21,FFmpeg,Video Processing,Video Effects & Filters,Apply color correction,Can I apply color correction to a video in FFmpeg?,ffmpeg -i input.mp4 -vf eq=brightness=0.1:contrast=1.2:saturation=1.3 output.mp4
22,FFmpeg,Video Processing,Video Effects & Filters,Adjust brightness and contrast,How do I adjust the brightness and contrast in FFmpeg?,ffmpeg -i input.mp4 -vf eq=brightness=0.1:contrast=1.2 output.mp4
23,FFmpeg,Video Processing,Video Effects & Filters,Add subtitles to video,How do I add subtitles to a video using FFmpeg?,ffmpeg -i input.mp4 -vf subtitles=subtitle.srt output.mp4
24,FFmpeg,Video Processing,Video Effects & Filters,Apply blur effect,Can I apply a blur effect to a video with FFmpeg?,"ffmpeg -i input.mp4 -vf ""boxblur=10:10"" output.mp4"
25,FFmpeg,Video Processing,Video Effects & Filters,Sharpen video,How can I sharpen a video using FFmpeg?,ffmpeg -i input.mp4 -vf unsharp output.mp4
26,FFmpeg,Video Processing,Video Effects & Filters,Add transitions between clips,How do I add transitions between clips in FFmpeg?,"Combine clips with fades:

ffmpeg -i clip1.mp4 -i clip2.mp4 -filter_complex ""[0:v]fade=out:30:"
27,FFmpeg,Video Processing,Video Effects & Filters,Apply LUT to video,How do I apply a LUT to a video in FFmpeg?,ffmpeg -i input.mp4 -vf lut3d=file.cube output.mp4
28,FFmpeg,Audio Processing,Audio Format Conversion,Convert MP3 to WAV,How do I convert an MP3 file to WAV using FFmpeg?,ffmpeg -i input.mp3 output.wav
29,FFmpeg,Audio Processing,Audio Format Conversion,Convert FLAC to AAC,Can FFmpeg convert FLAC to AAC?,ffmpeg -i input.flac -c:a aac output.m4a
30,FFmpeg,Audio Processing,Audio Format Conversion,Extract audio from video,How can I extract audio from a video file using FFmpeg?,ffmpeg -i input.mp4 -q:a 0 -map a output.mp3
31,FFmpeg,Audio Processing,Audio Format Conversion,Change audio codec,How do I change the codec of an audio file in FFmpeg?,ffmpeg -i input.wav -c:a libmp3lame output.mp3
32,FFmpeg,Audio Processing,Audio Manipulation,Adjust audio volume,How do I adjust the volume of an audio file in FFmpeg?,"ffmpeg -i input.mp3 -filter:a ""volume=1.5"" output.mp3"
33,FFmpeg,Audio Processing,Audio Manipulation,Change audio speed,How do I change the speed of an audio file in FFmpeg?,"ffmpeg -i input.mp3 -filter:a ""atempo=1.5"" output.mp3"
34,FFmpeg,Audio Processing,Audio Manipulation,Modify sample rate,How do I modify the sample rate of an audio file in FFmpeg?,ffmpeg -i input.wav -ar 44100 output.wav
35,FFmpeg,Audio Processing,Audio Manipulation,Change audio channels,Can I change the number of channels in an audio file with FFmpeg?,ffmpeg -i input.wav -ac 2 output.wav
36,FFmpeg,Audio Processing,Audio Manipulation,Normalize audio,How can I normalize audio in FFmpeg?,ffmpeg -i input.wav -filter:a loudnorm output.wav
37,FFmpeg,Audio Processing,Audio Manipulation,Remove silence from audio,How do I remove silence from an audio file using FFmpeg?,ffmpeg -i input.wav -af silenceremove=1:0:-50dB output.wav
38,FFmpeg,Audio Processing,Audio Effects,Add fade-in effect,How do I add a fade-in effect to an audio file using FFmpeg?,"ffmpeg -i input.mp3 -af ""afade=t=in:st=0:d=5"" output.mp3"
39,FFmpeg,Audio Processing,Audio Effects,Apply echo effect,How can I apply an echo effect to an audio file in FFmpeg?,"ffmpeg -i input.mp3 -af ""aecho=0.8:0.88:60:0.4"" output.mp3"
40,FFmpeg,Audio Processing,Audio Effects,Perform noise reduction,Can FFmpeg apply noise reduction to audio files?,Use ffmpeg with sox or similar libraries.
41,FFmpeg,Audio Processing,Audio Effects,Compress audio,How do I compress audio using FFmpeg?,ffmpeg -i input.mp3 -b:a 128k output.mp3
42,FFmpeg,Audio Processing,Audio Effects,Equalize audio,How do I equalize audio in FFmpeg?,"ffmpeg -i input.wav -af ""equalizer=f=1000:t=q:w=1:g=5"" output.wav"
43,FFmpeg,Streaming & Broadcasting,Stream Handling,Stream video to YouTube,How can I stream a video to YouTube using FFmpeg?,"ffmpeg -re -i input.mp4 -c:v libx264 -b:v 2500k -c:a aac -ar 44100 -b:a 128k -f flv rtmp://a.rtmp.youtube.com/live2/your-stream-key

Replace your-stream-key with the key provided by YouTube."
44,FFmpeg,Streaming & Broadcasting,Stream Handling,Capture live streams,How do I capture live streams with FFmpeg?,ffmpeg -i http://example.com/stream.m3u8 -c copy output.ts
45,FFmpeg,Streaming & Broadcasting,Stream Handling,Create HLS stream,How do I create an HLS stream with FFmpeg?,ffmpeg -i input.mp4 -codec: copy -start_number 0 -hls_time 10 -hls_list_size 0 -f hls stream.m3u8
46,FFmpeg,Streaming & Broadcasting,Stream Handling,Stream using adaptive bitrate,Can I stream using adaptive bitrate with FFmpeg?,"Yes, generate multiple bitrate versions and an HLS master playlist:

ffmpeg -i input.mp4 -vf scale=1280:720 -c:v libx264 -b:v 3000k -hls_segment_filename 720p_%03d.ts 720p.m3u8
ffmpeg -i input.mp4 -vf scale=854:480 -c:v libx264 -b:v 1500k -hls_segment_filename 480p_%03d.ts 480p.m3u8
# Combine in a master playlist manually"
47,FFmpeg,Streaming & Broadcasting,Broadcasting Features,Generate HLS playlist,How do I generate an HLS playlist with FFmpeg?,ffmpeg -i input.mp4 -hls_time 10 -hls_list_size 0 -f hls playlist.m3u8
48,FFmpeg,Streaming & Broadcasting,Broadcasting Features,Create DASH manifest,How do I create a DASH manifest in FFmpeg?,ffmpeg -i input.mp4 -c:v libx264 -f dash manifest.mpd
49,FFmpeg,Streaming & Broadcasting,Broadcasting Features,Explore streaming protocol support,What streaming protocols does FFmpeg support?,"FFmpeg supports RTMP, HLS, DASH, RTP, UDP, HTTP, and more."
50,FFmpeg,Streaming & Broadcasting,Broadcasting Features,Broadcast in real-time,How do I broadcast in real-time using FFmpeg?,ffmpeg -f v4l2 -i /dev/video0 -f alsa -i hw:0 -c:v libx264 -preset ultrafast -f flv rtmp://your-server/live/stream
51,FFmpeg,Image processing,Image Sequence Handling,Convert image sequence to video,How do I convert an image sequence to a video using FFmpeg?,ffmpeg -framerate 30 -i image_%03d.png -c:v libx264 -r 30 output.mp4
52,FFmpeg,Image processing,Image Sequence Handling,Extract frames from video,Can I extract frames from a video using FFmpeg?,ffmpeg -i input.mp4 frame_%03d.png
53,FFmpeg,Image processing,Image Sequence Handling,Create timelapse video,How do I create a timelapse video with FFmpeg?,"ffmpeg -framerate 30 -pattern_type glob -i ""*.jpg"" -c:v libx264 timelapse.mp4"
54,FFmpeg,Image processing,Image Sequence Handling,Generate thumbnails from video,Can FFmpeg generate thumbnails from a video?,"ffmpeg -i input.mp4 -vf ""thumbnail,scale=320:240"" -frames:v 1 thumbnail.png"
55,FFmpeg,Image processing,Image Format Support,Convert between image formats,How can I convert between image formats using FFmpeg?,ffmpeg -i input.png output.jpg
56,FFmpeg,Image processing,Image Format Support,Process animated GIFs,Can FFmpeg process animated GIFs?,"Yes, for example:

ffmpeg -i input.gif output.mp4"
57,FFmpeg,Image processing,Image Format Support,Handle various image codecs,How do I handle various image codecs in FFmpeg?,"How do I handle various image codecs in FFmpeg?
Use the -pix_fmt option to specify pixel formats:

ffmpeg -i input.tiff -pix_fmt rgb24 output.png"
58,FFmpeg,Metadata Handling,Metadata Operations,Read metadata from video,How can I read metadata from a video file using FFmpeg?,ffmpeg -i input.mp4
59,FFmpeg,Metadata Handling,Metadata Operations,Write metadata to audio or video files,How do I write metadata to an audio or video file with FFmpeg?,"ffmpeg -i input.mp4 -metadata title=""My Video"" -metadata author=""Author Name"" output.mp4"
60,FFmpeg,Metadata Handling,Metadata Operations,Edit video file tags,Can I edit the tags of a video file using FFmpeg?,"Yes:

ffmpeg -i input.mp4 -metadata:s:v:0 title=""Video Title"" output.mp4"
61,FFmpeg,Metadata Handling,Metadata Operations,Manage chapters in video files,How do I manage chapters in a video file using FFmpeg?,"Create a chapter file and add it:

ffmpeg -i input.mp4 -i chapters.txt -map_metadata 1 -codec copy output.mp4"
62,FFmpeg,Metadata Handling,Metadata Operations,Process subtitles,How do I process subtitles with FFmpeg?,"Extract:

ffmpeg -i input.mkv -map 0:s:0 subtitles.srt

Add:

ffmpeg -i input.mp4 -i subtitles.srt -c copy -c:s mov_text output.mp4"
63,FFmpeg,Advanced Features,Concatenation & Splitting,Join multiple video files,How do I join multiple video files together using FFmpeg?,"If the files have the same codec, format, and resolution, you can concatenate them directly:

ffmpeg -f concat -safe 0 -i file_list.txt -c copy output.mp4

file_list.txt contains:

file 'file1.mp4'
file 'file2.mp4'"
64,FFmpeg,Advanced Features,Concatenation & Splitting,Split video into segments,Can I split a video into smaller segments with FFmpeg?,"Use the -ss (start time) and -t (duration) options:

ffmpeg -i input.mp4 -ss 00:00:00 -t 00:01:00 -c copy output.mp4

For automatic splitting:

ffmpeg -i input.mp4 -c copy -map 0 -segment_time 60 -f segment output%03d.mp4"
65,FFmpeg,Advanced Features,Concatenation & Splitting,Create video loops,How do I create a video loop using FFmpeg?,"Use the -stream_loop option:

ffmpeg -stream_loop 3 -i input.mp4 -c copy output.mp4

This loops the video 3 times."
66,FFmpeg,Advanced Features,Concatenation & Splitting,Extract specific portions of videos,How do I extract a specific portion of a video file using FFmpeg?,"Specify the start time (-ss) and duration (-t):

ffmpeg -i input.mp4 -ss 00:01:30 -t 00:00:20 -c copy output.mp4"
67,FFmpeg,Advanced Features,Analysis Tools,Display media information,How do I display media information using FFmpeg?," How do I display media information using FFmpeg?

    Use the ffprobe tool:

ffprobe -i input.mp4

For detailed information:

ffprobe -v error -show_format -show_streams input.mp4"
68,FFmpeg,Advanced Features,Analysis Tools,Generate waveforms for audio,Can I generate waveforms for an audio file with FFmpeg?,"Yes, by using the showwavespic filter:

ffmpeg -i input.mp3 -lavfi showwavespic=s=640x120 -frames:v 1 waveform.png"
69,FFmpeg,Advanced Features,Analysis Tools,Create video thumbnails,How can I create video thumbnails with FFmpeg?,"Use the -ss option to extract a specific frame:

    ffmpeg -i input.mp4 -ss 00:00:05 -vframes 1 thumbnail.jpg
"
70,FFmpeg,Advanced Features,Analysis Tools,Analyze stream properties,How do I analyze stream properties in FFmpeg?,"Use ffprobe to examine streams:

ffprobe -v error -select_streams v:0 -show_entries stream=width,height,c"
71,FFmpeg,Advanced Features,Complex Operations,Process multiple input files,How can I process multiple input files simultaneously in FFmpeg?,"Provide multiple -i options and use complex filters:

ffmpeg -i input1.mp4 -i input2.mp4 -filter_complex ""[0:v:0][1:v:0]concat=n=2:v=1[out]"" -map ""[out]"" output.mp4"
72,FFmpeg,Advanced Features,Complex Operations,Create custom filter graphs,How do I create a custom filter graph in FFmpeg?,"Use the -filter_complex option:

ffmpeg -i input.mp4 -filter_complex ""[0:v]scale=1280:720,eq=contrast=1.5"
73,FFmpeg,Advanced Features,Complex Operations,Integrate FFmpeg into scripts,How do I integrate FFmpeg into a script?,"Use FFmpeg commands in a shell script:

#!/bin/bash
for file in *.mp4; do
    ffmpeg -i ""$file"" -vf scale=640:480 ""scaled_$file""
done"
74,FFmpeg,Advanced Features,Complex Operations,Build custom FFmpeg pipelines,How can I create a custom FFmpeg pipeline?,"Combine multiple operations using pipes:

ffmpeg -i input.mp4 -vf scale=1280:720 -f rawvideo pipe:1 | ffmpeg "
75,FFmpeg,Optimization & Performance,Hardware Acceleration,Enable GPU encoding/decoding,How do I enable GPU encoding/decoding in FFmpeg?,"Use -hwaccel and GPU-specific encoders (e.g., h264_nvenc for NVIDIA):

ffmpeg -hwaccel cuda -i input.mp4 -c:v h264_nvenc output.mp4"
76,FFmpeg,Optimization & Performance,Hardware Acceleration,Use multi-threading for faster processing,Can FFmpeg use multi-threading for faster processing?,"Use -threads to specify the number of threads:

ffmpeg -i input.mp4 -c:v libx264 -threads 4 output.mp4"
77,FFmpeg,Optimization & Performance,Hardware Acceleration,Optimize FFmpeg for specific hardware,How do I optimize FFmpeg for a specific hardware platform?,"Enable hardware-specific optimizations, like NVENC or VAAPI for Intel:

ffmpeg -hwaccel vaapi -i input.mp4 -c:v h264_vaapi output.mp4"
78,FFmpeg,Optimization & Performance,Hardware Acceleration,Explore performance presets,What performance presets are available in FFmpeg?,"Use -preset with encoders like libx264:

ffmpeg -i input.mp4 -c:v libx264 -preset fast output.mp4"
79,FFmpeg,Optimization & Performance,Resource Management,Control memory usage,How can I control memory usage in FFmpeg?,"Use the -max_muxing_queue_size option to handle memory for buffering:

ffmpeg -i input.mp4 -max_muxing_queue_size 1024 output.mp4

Adjust buffer limits with -bufsize for encoding:

ffmpeg -i input.mp4 -b:v 2M -bufsize 4M output.mp4"
80,FFmpeg,Optimization & Performance,Resource Management,Limit CPU utilization,How do I limit CPU utilization in FFmpeg?,"Use the -threads option to limit the number of threads:

ffmpeg -i input.mp4 -c:v libx264 -threads 2 output.mp4

Alternatively, restrict CPU usage at the system level using tools like nice:

nice -n 10 ffmpeg -i input.mp4 -c:v libx264 output.mp4"
81,FFmpeg,Optimization & Performance,Resource Management,Adjust buffer size settings,How do I adjust buffer size settings in FFmpeg?,"Use the -bufsize option for encoder buffer size:

ffmpeg -i input.mp4 -c:v libx264 -b:v 2M -bufsize 4M output.mp4"
82,FFmpeg,Optimization & Performance,Resource Management,Manage threading configurations,How do I control threading in FFmpeg?,"The -threads option controls thread count:

ffmpeg -i input.mp4 -threads 4 output.mp4

For auto-detection, use -threads 0."
83,FFmpeg,Special Features,Screen Capture,Record desktop screen,How do I record my desktop screen using FFmpeg?,"Use the x11grab (Linux), gdigrab (Windows), or avfoundation (macOS) device:

ffmpeg -f x11grab -i :0.0 -video_size 1920x1080 output.mp4"
84,FFmpeg,Special Features,Screen Capture,Capture specific windows,How can I capture a specific window with FFmpeg?,"Specify the window or screen area with coordinates:

ffmpeg -f x11grab -video_size 800x600 -i :0.0+100,200 output.mp4"
85,FFmpeg,Special Features,Screen Capture,Record video with audio,How do I record a video with audio using FFmpeg?,"Combine a screen capture with an audio source:

ffmpeg -f x11grab -i :0.0 -f alsa -i default -c:v libx264 -c:a aac output.mp4"
86,FFmpeg,Special Features,Screen Capture,Record from webcam,Can I use FFmpeg to record from my webcam?,"Use the video4linux2 (Linux) or dshow (Windows) device:

ffmpeg -f v4l2 -i /dev/video0 output.mp4"
87,FFmpeg,Special Features,Testing & Debugging,Benchmark encoding performance,How do I benchmark FFmpeg encoding performance?,"Use the -benchmark flag:

ffmpeg -benchmark -i input.mp4 -c:v libx264 output.mp4"
88,FFmpeg,Special Features,Testing & Debugging,Monitor FFmpeg progress,How can I monitor FFmpeg progress?,"By default, FFmpeg displays progress in the terminal. For detailed stats:

ffmpeg -i input.mp4 -c:v libx264 output.mp4 -progress progress.log"
89,FFmpeg,Special Features,Testing & Debugging,Enable error logging,How do I enable error logging in FFmpeg?,"Use the -loglevel option:

ffmpeg -i input.mp4 -loglevel error output.mp4"
90,FFmpeg,Special Features,Testing & Debugging,Retrieve debug information,How can I get debug information from FFmpeg?,"Set -loglevel to debug:

ffmpeg -i input.mp4 -loglevel debug output.mp4"
91,FFmpeg,System Integration,Command line usage,Use FFmpeg in the command-line interface,How can I use FFmpeg in a command-line interface?,"FFmpeg operates entirely via the command line. Simply run:

ffmpeg -i input.mp4 -c:v libx264 output.mp4"
92,FFmpeg,System Integration,Command line usage,Create batch processing scripts,How do I create scripts using FFmpeg?,"Example script for batch processing:

#!/bin/bash
for file in *.mp4; do
    ffmpeg -i ""$file"" -c:v libx264 ""compressed_$file""
done"
93,FFmpeg,System Integration,Command line usage,Integrate FFmpeg with software pipelines,How can I integrate FFmpeg with other software pipelines?,"Use FFmpeg as part of a pipeline with pipes:

ffmpeg -i input.mp4 -f rawvideo pipe:1 | custom_app"
94,FFmpeg,System Integration,Command line usage,,Can FFmpeg be used for batch processing?,"Yes, through shell scripts or batch files. Example:

for file in *.mp4; do
    ffmpeg -i ""$file"" -c:v libx264 ""output_${file%.mp4}.mkv""
done"
95,FFmpeg,System Integration,Format Support,Explore supported video/audio codecs,What video and audio codecs does FFmpeg support?,"Use:

ffmpeg -codecs

Example output: H.264, H.265, AAC, MP3, VP9, etc."
96,FFmpeg,System Integration,Format Support,Handle proprietary formats,How can FFmpeg handle proprietary formats?,"Install proprietary libraries (e.g., libfdk_aac, libx264). Configure FFmpeg during compilation:

./configure --enable-libx264 --enable-libfdk_aac"
97,FFmpeg,System Integration,Format Support,Experiment with experimental codecs,Does FFmpeg support experimental codecs?,"Yes, but you need to enable them explicitly:

ffmpeg -strict experimental -i input.mp4 -c:v hevc_videotoolbox outpu"
